road_id,crime_freq
3215,0.03571428571428571
3215,0.0967741935483871
3215,0.0967741935483871
3215,0.06451612903225806
3215,0.0967741935483871
3215,0.03333333333333333
3215,0.06451612903225806
3215,0.034482758620689655
3215,0.03225806451612903
3215,0.03333333333333333
3215,0.0967741935483871
3215,0.03333333333333333
3215,0.03225806451612903
3215,0.03225806451612903
3215,0.0967741935483871
3215,0.03225806451612903
3215,0.03571428571428571
3215,0.06451612903225806
3215,0.13333333333333333
3215,0.12903225806451613
3215,0.13333333333333333
3215,0.03225806451612903
3215,0.16129032258064516
3330,0.03225806451612903
3330,0.06666666666666667
3330,0.06666666666666667
3330,0.06451612903225806
3330,0.03225806451612903
3330,0.03225806451612903
3330,0.03225806451612903
3330,0.03333333333333333
3330,0.03333333333333333
3330,0.12903225806451613
3330,0.06666666666666667
3330,0.03225806451612903
3330,0.03225806451612903
3330,0.03333333333333333
3330,0.03225806451612903
3386,0.0967741935483871
3386,0.14285714285714285
3386,0.06451612903225806
3386,0.2
3386,0.16129032258064516
3386,0.03333333333333333
3386,0.0967741935483871
3386,0.06451612903225806
3386,0.06666666666666667
3386,0.06451612903225806
3386,0.23333333333333334
3386,0.03225806451612903
3386,0.12903225806451613
3386,0.06451612903225806
3386,0.06666666666666667
3386,0.0967741935483871
3386,0.06451612903225806
3386,0.03333333333333333
3386,0.16666666666666666
3386,0.0967741935483871
3386,0.2
3386,0.03333333333333333
3418,0.06451612903225806
3418,0.03225806451612903
3418,0.03571428571428571
3418,0.0967741935483871
3418,0.06451612903225806
3418,0.0967741935483871
3418,0.03225806451612903
3418,0.03225806451612903
3418,0.03333333333333333
3418,0.03225806451612903
3418,0.06451612903225806
3423,0.06451612903225806
3423,0.03225806451612903
3423,0.03571428571428571
3423,0.12903225806451613
3423,0.06666666666666667
3423,0.12903225806451613
3423,0.23333333333333334
3423,0.0967741935483871
3423,0.22580645161290322
3423,0.06666666666666667
3423,0.16129032258064516
3423,0.16666666666666666
3423,0.2903225806451613
3423,0.22580645161290322
3423,0.10344827586206896
3423,0.0967741935483871
3423,0.06666666666666667
3423,0.12903225806451613
3423,0.23333333333333334
3423,0.12903225806451613
3423,0.06451612903225806
3423,0.26666666666666666
3423,0.12903225806451613
3423,0.3333333333333333
3423,0.25806451612903225
3423,0.1935483870967742
3423,0.21428571428571427
3423,0.06451612903225806
3423,0.16666666666666666
3423,0.1935483870967742
3423,0.16666666666666666
3423,0.16129032258064516
3423,0.16129032258064516
3456,1.032258064516129
3456,0.5483870967741935
3456,1.0357142857142858
3456,0.5483870967741935
3456,0.7
3456,1.032258064516129
3456,0.4666666666666667
3456,1.0
3456,0.9032258064516129
3456,1.0666666666666667
3456,1.064516129032258
3456,0.7666666666666667
3456,1.032258064516129
3456,0.4838709677419355
3456,0.9655172413793104
3456,1.5161290322580645
3456,0.8333333333333334
3456,0.9354838709677419
3456,0.7
3456,1.0
3456,1.3225806451612903
3456,1.1666666666666667
3456,0.6451612903225806
3456,0.9666666666666667
3456,1.032258064516129
3456,0.5483870967741935
3456,0.7857142857142857
3456,0.7419354838709677
3456,0.9
3456,0.7741935483870968
3456,0.7333333333333333
3456,0.7741935483870968
3456,0.8387096774193549
3545,0.03571428571428571
3545,0.03225806451612903
3545,0.06451612903225806
3545,0.03225806451612903
3545,0.03225806451612903
3552,0.07142857142857142
3552,0.06451612903225806
3552,0.06666666666666667
3552,0.03225806451612903
3552,0.03225806451612903
3552,0.03333333333333333
3627,0.16129032258064516
3552,0.03225806451612903
3552,0.03225806451612903
3552,0.03225806451612903
3552,0.03333333333333333
3552,0.03225806451612903
3552,0.06451612903225806
3627,0.1935483870967742
3627,0.1935483870967742
3627,0.21428571428571427
3627,0.25806451612903225
3627,0.3
3627,0.1935483870967742
3627,0.1
3627,0.0967741935483871
3627,0.3333333333333333
3627,0.12903225806451613
3627,0.6
3627,0.2903225806451613
3627,0.16129032258064516
3627,0.10344827586206896
3627,0.25806451612903225
3627,0.23333333333333334
3627,0.3548387096774194
3627,0.2
3627,0.06451612903225806
3627,0.06451612903225806
3627,0.06666666666666667
3627,0.22580645161290322
3627,0.16666666666666666
3627,0.12903225806451613
3627,0.06451612903225806
3627,0.2857142857142857
3627,0.1935483870967742
3627,0.36666666666666664
3627,0.06451612903225806
3627,0.1
3627,0.12903225806451613
3627,0.16129032258064516
3654,0.03225806451612903
3654,0.0967741935483871
3654,0.03571428571428571
3654,0.23333333333333334
3654,0.06451612903225806
3654,0.03333333333333333
3654,0.03225806451612903
3654,0.03225806451612903
3654,0.03333333333333333
3654,0.06666666666666667
3654,0.03225806451612903
3654,0.10344827586206896
3654,0.06451612903225806
3654,0.03333333333333333
3654,0.03225806451612903
3654,0.1
3654,0.03225806451612903
3654,0.06451612903225806
3654,0.13333333333333333
3654,0.03225806451612903
3654,0.06666666666666667
3654,0.12903225806451613
3654,0.06451612903225806
3654,0.03333333333333333
3654,0.13333333333333333
3654,0.03225806451612903
3664,0.06451612903225806
3664,0.1935483870967742
3664,0.03225806451612903
3664,0.06666666666666667
3664,0.12903225806451613
3664,0.1
3664,0.16129032258064516
3664,0.12903225806451613
3664,0.06896551724137931
3664,0.16129032258064516
3664,0.06666666666666667
3664,0.06451612903225806
3664,0.2
3664,0.03225806451612903
3664,0.12903225806451613
3664,0.13333333333333333
3664,0.1935483870967742
3664,0.23333333333333334
3664,0.03225806451612903
3664,0.06451612903225806
3664,0.14285714285714285
3664,0.0967741935483871
3664,0.06666666666666667
3664,0.16129032258064516
3664,0.06666666666666667
3664,0.16129032258064516
3664,0.03225806451612903
3673,0.03225806451612903
3673,0.12903225806451613
3673,0.06451612903225806
3673,0.03225806451612903
3673,0.03333333333333333
3673,0.0967741935483871
3673,0.03225806451612903
3673,0.0967741935483871
3673,0.03225806451612903
3673,0.03225806451612903
3673,0.03225806451612903
3673,0.03225806451612903
3715,0.0967741935483871
3715,0.03225806451612903
3715,0.07142857142857142
3715,0.0967741935483871
3715,0.13333333333333333
3715,0.03225806451612903
3715,0.1
3715,0.06451612903225806
3715,0.0967741935483871
3715,0.06666666666666667
3715,0.06451612903225806
3715,0.03225806451612903
3715,0.06451612903225806
3715,0.13793103448275862
3715,0.13333333333333333
3715,0.1
3715,0.03225806451612903
3715,0.0967741935483871
3715,0.03333333333333333
3715,0.0967741935483871
3715,0.13333333333333333
3715,0.22580645161290322
3715,0.12903225806451613
3785,0.03225806451612903
3715,0.2857142857142857
3715,0.0967741935483871
3715,0.03333333333333333
3715,0.03225806451612903
3715,0.06666666666666667
3715,0.03225806451612903
3785,0.06451612903225806
3785,0.0967741935483871
3785,0.07142857142857142
3785,0.03225806451612903
3785,0.03225806451612903
3785,0.0967741935483871
3785,0.06666666666666667
3785,0.03225806451612903
3785,0.10344827586206896
3785,0.1935483870967742
3785,0.06666666666666667
3785,0.12903225806451613
3785,0.03333333333333333
3785,0.12903225806451613
3785,0.12903225806451613
3785,0.03333333333333333
3785,0.03225806451612903
3785,0.13333333333333333
3785,0.03225806451612903
3785,0.0967741935483871
3785,0.06451612903225806
3785,0.06666666666666667
3785,0.0967741935483871
3785,0.03333333333333333
3785,0.16129032258064516
3785,0.06451612903225806
3793,0.1935483870967742
3793,0.22580645161290322
3793,0.5
3793,0.6129032258064516
3793,0.5666666666666667
3793,0.7741935483870968
3793,0.5333333333333333
3793,1.032258064516129
3827,0.13333333333333333
3793,0.9032258064516129
3793,0.8333333333333334
3793,0.7096774193548387
3793,0.5666666666666667
3793,0.6774193548387096
3793,0.45161290322580644
3793,0.3448275862068966
3793,0.3870967741935484
3793,0.43333333333333335
3793,0.41935483870967744
3834,0.03225806451612903
3793,0.6
3793,0.8709677419354839
3793,0.8064516129032258
3793,1.0
3793,0.7741935483870968
3793,0.4
3793,0.45161290322580644
3793,0.5483870967741935
3793,0.5714285714285714
3793,0.5161290322580645
3834,0.1
3793,0.5666666666666667
3793,0.25806451612903225
3793,0.6666666666666666
3793,0.25806451612903225
3793,0.3870967741935484
3827,0.03225806451612903
3827,0.03333333333333333
3827,0.06451612903225806
3827,0.3225806451612903
3827,0.0967741935483871
3827,0.2
3827,0.16129032258064516
3827,0.13333333333333333
3827,0.12903225806451613
3827,0.1935483870967742
3827,0.20689655172413793
3827,0.25806451612903225
3827,0.23333333333333334
3827,0.3548387096774194
3834,0.06451612903225806
3827,0.13333333333333333
3827,0.1935483870967742
3827,0.3225806451612903
3827,0.16666666666666666
3827,0.06451612903225806
3827,0.23333333333333334
3827,0.1935483870967742
3827,0.0967741935483871
3827,0.25
3827,0.06451612903225806
3827,0.13333333333333333
3834,0.03225806451612903
3827,0.0967741935483871
3827,0.13333333333333333
3827,0.06451612903225806
3827,0.3548387096774194
3834,0.03225806451612903
3834,0.03225806451612903
3834,0.03333333333333333
3834,0.06451612903225806
3834,0.06451612903225806
3834,0.03225806451612903
3834,0.06451612903225806
3844,0.22580645161290322
3844,0.03571428571428571
3844,0.12903225806451613
3844,0.1
3844,0.03225806451612903
3844,0.06451612903225806
3844,0.2
3844,0.03225806451612903
3844,0.10344827586206896
3844,0.03225806451612903
3844,0.03333333333333333
3844,0.03225806451612903
3844,0.03333333333333333
3844,0.03225806451612903
3844,0.06451612903225806
3844,0.12903225806451613
3844,0.1
3844,0.03225806451612903
3844,0.03225806451612903
3916,0.03225806451612903
3916,0.03225806451612903
3916,0.03225806451612903
3916,0.12903225806451613
3916,0.36666666666666664
3916,0.034482758620689655
3916,0.03225806451612903
3916,0.03333333333333333
3916,0.06451612903225806
3916,0.06666666666666667
3916,0.03225806451612903
3916,0.03333333333333333
3927,0.03225806451612903
3927,0.03333333333333333
3927,0.03333333333333333
3927,0.03225806451612903
3927,0.03225806451612903
3927,0.1
3927,0.06451612903225806
3927,0.1
3927,0.0967741935483871
3927,0.0967741935483871
3927,0.03333333333333333
3927,0.0967741935483871
3927,0.03571428571428571
3927,0.03333333333333333
3927,0.12903225806451613
4003,0.16129032258064516
3927,0.1
3980,0.03225806451612903
3980,0.03225806451612903
3980,0.03571428571428571
3980,0.03333333333333333
3980,0.03225806451612903
3980,0.06666666666666667
3980,0.03225806451612903
3980,0.03225806451612903
4003,0.10714285714285714
3980,0.03333333333333333
3980,0.03225806451612903
3980,0.03333333333333333
3980,0.03225806451612903
3980,0.03571428571428571
3980,0.06451612903225806
3980,0.03333333333333333
3980,0.03225806451612903
4003,0.06451612903225806
3997,0.0967741935483871
3997,0.06451612903225806
3997,0.03333333333333333
3997,0.03333333333333333
3997,0.03225806451612903
3997,0.0967741935483871
3997,0.03333333333333333
4003,0.1
3997,0.03225806451612903
3997,0.03333333333333333
3997,0.03225806451612903
3997,0.03333333333333333
3997,0.06666666666666667
3997,0.03333333333333333
4003,0.03225806451612903
4003,0.12903225806451613
4003,0.03333333333333333
4003,0.12903225806451613
4003,0.03225806451612903
4003,0.3333333333333333
4003,0.0967741935483871
4003,0.1
4003,0.0967741935483871
4003,0.0967741935483871
4003,0.10344827586206896
4003,0.06451612903225806
4003,0.03333333333333333
4003,0.0967741935483871
4003,0.2
4003,0.06451612903225806
4003,0.0967741935483871
4003,0.03333333333333333
4003,0.03225806451612903
4003,0.03333333333333333
4003,0.06451612903225806
4003,0.03225806451612903
4003,0.07142857142857142
4003,0.03333333333333333
4003,0.03225806451612903
4003,0.1
4003,0.0967741935483871
4003,0.0967741935483871
4033,0.03225806451612903
4033,0.03225806451612903
4033,0.06666666666666667
4033,0.12903225806451613
4033,0.03225806451612903
4033,0.03333333333333333
4033,0.03333333333333333
4033,0.06666666666666667
4033,0.06666666666666667
4033,0.06451612903225806
4033,0.03225806451612903
4033,0.03333333333333333
4033,0.03225806451612903
4184,0.03225806451612903
4184,0.03333333333333333
4184,0.03333333333333333
4184,0.03225806451612903
4184,0.03225806451612903
4239,0.06451612903225806
4239,0.16129032258064516
4239,0.14285714285714285
4239,0.25806451612903225
4239,0.06666666666666667
4239,0.1935483870967742
4239,0.1
4239,0.0967741935483871
4239,0.03225806451612903
4239,0.1
4239,0.03225806451612903
4239,0.2
4239,0.0967741935483871
4239,0.06451612903225806
4239,0.10344827586206896
4239,0.12903225806451613
4239,0.06451612903225806
4239,0.06451612903225806
4239,0.03333333333333333
4239,0.06451612903225806
4239,0.16666666666666666
4239,0.1935483870967742
4239,0.03571428571428571
4239,0.06666666666666667
4239,0.0967741935483871
4239,0.03333333333333333
4239,0.03225806451612903
4239,0.03225806451612903
4260,0.12903225806451613
4260,0.03571428571428571
4260,0.06451612903225806
4260,0.03333333333333333
4260,0.03333333333333333
4260,0.03225806451612903
4260,0.0967741935483871
4260,0.06451612903225806
4260,0.03333333333333333
4260,0.03225806451612903
4260,0.03333333333333333
4260,0.03225806451612903
4308,0.10714285714285714
4308,0.0967741935483871
4308,0.16666666666666666
4308,0.03225806451612903
4308,0.06451612903225806
4308,0.1
4308,0.03225806451612903
4308,0.16666666666666666
4308,0.03225806451612903
4308,0.06896551724137931
4308,0.06451612903225806
4308,0.06451612903225806
4308,0.06451612903225806
4308,0.0967741935483871
4308,0.06666666666666667
4308,0.03225806451612903
4308,0.03333333333333333
4308,0.03225806451612903
4308,0.13333333333333333
4308,0.03225806451612903
4308,0.16129032258064516
4308,0.06451612903225806
4311,0.3225806451612903
4311,0.22580645161290322
4311,0.25
4311,0.03225806451612903
4311,0.2
4311,0.22580645161290322
4311,0.3333333333333333
4311,0.16129032258064516
4311,0.3225806451612903
4311,0.16666666666666666
4311,0.2903225806451613
4311,0.03333333333333333
4311,0.06451612903225806
4311,0.16129032258064516
4311,0.10344827586206896
4311,0.22580645161290322
4311,0.3
4311,0.12903225806451613
4311,0.03333333333333333
4311,0.25806451612903225
4311,0.25806451612903225
4311,0.16666666666666666
4311,0.1935483870967742
4311,0.23333333333333334
4311,0.06451612903225806
4311,0.22580645161290322
4311,0.21428571428571427
4311,0.16129032258064516
4311,0.16666666666666666
4311,0.12903225806451613
4311,0.23333333333333334
4311,0.2903225806451613
4311,0.03225806451612903
4316,0.06451612903225806
4316,0.07142857142857142
4316,0.06451612903225806
4316,0.06666666666666667
4316,0.03225806451612903
4316,0.03333333333333333
4316,0.03225806451612903
4316,0.03333333333333333
4316,0.03225806451612903
4316,0.06896551724137931
4316,0.03225806451612903
4316,0.03225806451612903
4316,0.03333333333333333
4316,0.0967741935483871
4316,0.06666666666666667
4316,0.03333333333333333
4316,0.03225806451612903
4363,0.03225806451612903
4363,0.06451612903225806
4363,0.03571428571428571
4363,0.0967741935483871
4363,0.1
4363,0.03225806451612903
4363,0.06451612903225806
4363,0.03225806451612903
4363,0.06451612903225806
4363,0.03225806451612903
4363,0.03225806451612903
4363,0.03333333333333333
4363,0.03225806451612903
4363,0.16129032258064516
4366,0.03333333333333333
4363,0.06451612903225806
4363,0.16666666666666666
4363,0.06451612903225806
4363,0.03333333333333333
4363,0.06451612903225806
4366,0.03225806451612903
4366,0.1
4366,0.03225806451612903
4366,0.03333333333333333
4366,0.03225806451612903
4366,0.03333333333333333
4366,0.06451612903225806
4387,0.16129032258064516
4387,0.03333333333333333
4387,0.03333333333333333
4387,0.03225806451612903
4387,0.03225806451612903
4387,0.03225806451612903
4387,0.03225806451612903
4387,0.06666666666666667
4387,0.03333333333333333
4387,0.03225806451612903
4387,0.03225806451612903
4387,0.03333333333333333
4387,0.06451612903225806
4387,0.0967741935483871
4387,0.03225806451612903
4448,0.12903225806451613
4448,0.03225806451612903
4448,0.14285714285714285
4448,0.16129032258064516
4448,0.1
4448,0.06451612903225806
4448,0.2
4448,0.06451612903225806
4448,0.06451612903225806
4448,0.06666666666666667
4448,0.06451612903225806
4448,0.13333333333333333
4448,0.16129032258064516
4448,0.06896551724137931
4448,0.22580645161290322
4448,0.1
4448,0.06451612903225806
4448,0.25806451612903225
4448,0.0967741935483871
4448,0.03225806451612903
4448,0.03333333333333333
4448,0.06451612903225806
4448,0.16129032258064516
4448,0.07142857142857142
4448,0.12903225806451613
4448,0.03333333333333333
4448,0.03225806451612903
4448,0.06666666666666667
4448,0.1935483870967742
4448,0.06451612903225806
4451,0.22580645161290322
4451,0.45161290322580644
4451,0.6785714285714286
4451,0.7741935483870968
4451,0.7
4451,0.1935483870967742
4451,0.4666666666666667
4451,0.8064516129032258
4451,0.41935483870967744
4451,0.4
4451,0.3548387096774194
4451,0.7333333333333333
4451,0.3870967741935484
4451,0.5161290322580645
4451,0.4482758620689655
4451,0.4838709677419355
4451,1.0333333333333334
4451,1.0
4451,0.5666666666666667
4451,0.5161290322580645
4451,0.3870967741935484
4451,0.6
4451,0.7096774193548387
4451,0.7
4451,1.0
4451,0.9354838709677419
4451,0.42857142857142855
4451,0.5806451612903226
4451,0.36666666666666664
4451,0.3548387096774194
4451,0.16666666666666666
4451,0.3548387096774194
4451,0.16129032258064516
4461,0.03225806451612903
4461,0.03225806451612903
4461,0.06451612903225806
4461,0.06451612903225806
4461,0.03333333333333333
4461,0.03225806451612903
4461,0.034482758620689655
4461,0.03225806451612903
4461,0.06666666666666667
4461,0.03225806451612903
4461,0.03225806451612903
4461,0.06451612903225806
4461,0.03333333333333333
4461,0.06451612903225806
4461,0.06666666666666667
4461,0.06451612903225806
4461,0.03225806451612903
4461,0.0967741935483871
4461,0.03333333333333333
4461,0.03225806451612903
4461,0.03225806451612903
4461,0.03225806451612903
4462,0.03225806451612903
4585,0.1
4462,0.03333333333333333
4462,0.06451612903225806
4462,0.06451612903225806
4462,0.06666666666666667
4462,0.03225806451612903
4462,0.06896551724137931
4462,0.03225806451612903
4462,0.03333333333333333
4462,0.03225806451612903
4462,0.03333333333333333
4471,0.03225806451612903
4462,0.06451612903225806
4462,0.03225806451612903
4462,0.03333333333333333
4462,0.03225806451612903
4462,0.03333333333333333
4462,0.03225806451612903
4462,0.03225806451612903
4471,0.06451612903225806
4471,0.03225806451612903
4471,0.13333333333333333
4471,0.12903225806451613
4471,0.03333333333333333
4471,0.03225806451612903
4471,0.0967741935483871
4471,0.1
4471,0.06451612903225806
4471,0.03225806451612903
4471,0.06896551724137931
4471,0.03225806451612903
4471,0.06666666666666667
4471,0.03225806451612903
4585,0.03225806451612903
4471,0.06451612903225806
4471,0.03333333333333333
4471,0.03225806451612903
4471,0.03225806451612903
4471,0.07142857142857142
4471,0.03225806451612903
4471,0.03333333333333333
4471,0.06451612903225806
4471,0.06451612903225806
4481,0.0967741935483871
4481,0.0967741935483871
4481,0.14285714285714285
4481,0.1935483870967742
4481,0.13333333333333333
4481,0.2903225806451613
4481,0.1
4481,0.0967741935483871
4481,0.12903225806451613
4481,0.3333333333333333
4549,0.03225806451612903
4481,0.3225806451612903
4481,0.5666666666666667
4481,0.1935483870967742
4481,0.1935483870967742
4481,0.10344827586206896
4481,0.2903225806451613
4481,0.2
4481,0.16129032258064516
4549,0.06451612903225806
4481,0.2
4481,0.1935483870967742
4481,0.41935483870967744
4481,0.13333333333333333
4481,0.1935483870967742
4481,0.16666666666666666
4481,0.25806451612903225
4481,0.16129032258064516
4549,0.12903225806451613
4481,0.14285714285714285
4481,0.06451612903225806
4481,0.16666666666666666
4481,0.0967741935483871
4481,0.2
4481,0.0967741935483871
4481,0.22580645161290322
4549,0.06666666666666667
4537,0.06451612903225806
4537,0.06451612903225806
4537,0.03333333333333333
4537,0.03225806451612903
4537,0.0967741935483871
4537,0.1
4537,0.03225806451612903
4537,0.03333333333333333
4537,0.03333333333333333
4537,0.03225806451612903
4549,0.03333333333333333
4549,0.03225806451612903
4549,0.06666666666666667
4549,0.03225806451612903
4549,0.03333333333333333
4549,0.06451612903225806
4549,0.03225806451612903
4549,0.03333333333333333
4549,0.06666666666666667
4549,0.0967741935483871
4549,0.03225806451612903
4549,0.16666666666666666
4549,0.1935483870967742
4585,0.03225806451612903
4549,0.06666666666666667
4549,0.2903225806451613
4549,0.03571428571428571
4549,0.0967741935483871
4549,0.1
4549,0.06451612903225806
4549,0.03333333333333333
4549,0.06451612903225806
4549,0.0967741935483871
4553,0.0967741935483871
4553,0.16129032258064516
4553,0.06666666666666667
4553,0.03333333333333333
4553,0.03225806451612903
4553,0.03225806451612903
4553,0.03333333333333333
4553,0.0967741935483871
4553,0.03225806451612903
4553,0.10344827586206896
4553,0.03225806451612903
4553,0.03333333333333333
4553,0.03225806451612903
4585,0.034482758620689655
4553,0.06451612903225806
4553,0.03333333333333333
4553,0.03333333333333333
4553,0.06451612903225806
4553,0.10714285714285714
4553,0.03225806451612903
4553,0.03333333333333333
4553,0.03333333333333333
4585,0.06451612903225806
4585,0.03333333333333333
4585,0.03225806451612903
4585,0.06451612903225806
4585,0.03225806451612903
4585,0.03333333333333333
4585,0.03225806451612903
4595,0.03225806451612903
4595,0.03225806451612903
4595,0.06451612903225806
4595,0.034482758620689655
4595,0.06666666666666667
4595,0.03225806451612903
4595,0.03333333333333333
4595,0.03225806451612903
4595,0.03225806451612903
4595,0.03333333333333333
4595,0.03225806451612903
4595,0.1
4595,0.06451612903225806
4595,0.03333333333333333
4595,0.16129032258064516
4601,0.12903225806451613
4601,0.12903225806451613
4601,0.03571428571428571
4601,0.03225806451612903
4601,0.1
4601,0.0967741935483871
4601,0.1
4601,0.03225806451612903
4601,0.06451612903225806
4601,0.13333333333333333
4601,0.12903225806451613
4601,0.0967741935483871
4601,0.13793103448275862
4601,0.06451612903225806
4601,0.1
4611,0.16129032258064516
4601,0.16666666666666666
4601,0.0967741935483871
4601,0.2
4601,0.03225806451612903
4601,0.06666666666666667
4601,0.06451612903225806
4601,0.0967741935483871
4601,0.07142857142857142
4601,0.0967741935483871
4601,0.1
4601,0.03225806451612903
4601,0.13333333333333333
4601,0.0967741935483871
4611,0.03333333333333333
4601,0.0967741935483871
4611,0.06451612903225806
4611,0.07142857142857142
4611,0.03225806451612903
4611,0.03333333333333333
4611,0.03225806451612903
4611,0.0967741935483871
4611,0.03333333333333333
4611,0.06451612903225806
4611,0.1
4611,0.034482758620689655
4611,0.03225806451612903
4611,0.1
4611,0.0967741935483871
4611,0.03333333333333333
4611,0.06451612903225806
4611,0.03333333333333333
4611,0.0967741935483871
4611,0.03225806451612903
4611,0.03225806451612903
4611,0.06451612903225806
4636,0.06451612903225806
4636,0.2903225806451613
4636,0.14285714285714285
4636,0.03225806451612903
4636,0.03333333333333333
4636,0.25806451612903225
4636,0.1
4636,0.12903225806451613
4636,0.12903225806451613
4636,0.23333333333333334
4636,0.0967741935483871
4636,0.26666666666666666
4636,0.2903225806451613
4636,0.2903225806451613
4636,0.27586206896551724
4636,0.1935483870967742
4636,0.3333333333333333
4636,0.03225806451612903
4636,0.1
4636,0.2903225806451613
4636,0.16129032258064516
4636,0.03333333333333333
4636,0.0967741935483871
4636,0.16666666666666666
4636,0.16129032258064516
4636,0.06451612903225806
4636,0.17857142857142858
4636,0.12903225806451613
4636,0.1
4636,0.12903225806451613
4636,0.13333333333333333
4636,0.1935483870967742
4636,0.12903225806451613
4644,0.06451612903225806
4644,0.0967741935483871
4644,0.10714285714285714
4644,0.03225806451612903
4644,0.16666666666666666
4644,0.06451612903225806
4644,0.03333333333333333
4644,0.03225806451612903
4644,0.03225806451612903
4644,0.06666666666666667
4644,0.12903225806451613
4644,0.1
4644,0.12903225806451613
4644,0.06896551724137931
4644,0.0967741935483871
4887,0.03225806451612903
4644,0.06666666666666667
4644,0.06451612903225806
4644,0.03333333333333333
4644,0.06451612903225806
4644,0.03333333333333333
4644,0.03225806451612903
4644,0.12903225806451613
4644,0.06451612903225806
4728,0.03225806451612903
4728,0.03571428571428571
4728,0.06666666666666667
4728,0.06666666666666667
4887,0.03333333333333333
4728,0.1
4728,0.03333333333333333
4728,0.03225806451612903
4728,0.03225806451612903
4728,0.03333333333333333
4728,0.03225806451612903
4728,0.16129032258064516
4728,0.03333333333333333
4728,0.0967741935483871
4728,0.03225806451612903
4728,0.06666666666666667
4728,0.06451612903225806
4728,0.03225806451612903
4872,0.03225806451612903
4872,0.06451612903225806
4872,0.23333333333333334
4872,0.03225806451612903
4872,0.03225806451612903
4872,0.06666666666666667
4872,0.1935483870967742
4872,0.2
4872,0.16129032258064516
4872,0.0967741935483871
4872,0.2413793103448276
4872,0.12903225806451613
4872,0.03333333333333333
4872,0.0967741935483871
4872,0.16666666666666666
4872,0.03225806451612903
4872,0.03333333333333333
4872,0.25806451612903225
4872,0.3
4872,0.03225806451612903
4872,0.12903225806451613
4872,0.21428571428571427
4872,0.12903225806451613
4872,0.1
4872,0.12903225806451613
4872,0.23333333333333334
4872,0.0967741935483871
4872,0.03225806451612903
4887,0.07142857142857142
4887,0.03225806451612903
4887,0.06666666666666667
4887,0.03333333333333333
4887,0.03225806451612903
4887,0.06451612903225806
4887,0.06451612903225806
4887,0.03225806451612903
4887,0.1
4887,0.03225806451612903
4887,0.03225806451612903
4887,0.03333333333333333
4901,0.03225806451612903
4901,0.06666666666666667
4901,0.03225806451612903
4901,0.03571428571428571
4948,0.03225806451612903
4948,0.03225806451612903
4948,0.06666666666666667
4948,0.06451612903225806
4948,0.03333333333333333
4948,0.12903225806451613
4948,0.034482758620689655
4948,0.03225806451612903
4948,0.1
4948,0.03225806451612903
4948,0.03333333333333333
4948,0.12903225806451613
4948,0.03225806451612903
4948,0.06666666666666667
4948,0.03333333333333333
4948,0.03571428571428571
4948,0.06451612903225806
4948,0.03333333333333333
4948,0.0967741935483871
4953,0.12903225806451613
4953,0.07142857142857142
4953,0.1935483870967742
4953,0.23333333333333334
4953,0.16129032258064516
4953,0.06666666666666667
4953,0.0967741935483871
4953,0.03333333333333333
4953,0.0967741935483871
4953,0.03333333333333333
4953,0.03225806451612903
4953,0.0967741935483871
4953,0.1
4953,0.03225806451612903
4953,0.06451612903225806
4953,0.03333333333333333
4953,0.1
4953,0.16129032258064516
4953,0.06451612903225806
4953,0.17857142857142858
4953,0.12903225806451613
4953,0.1
4953,0.03225806451612903
4953,0.03333333333333333
4953,0.0967741935483871
4983,0.06451612903225806
4983,0.06451612903225806
4983,0.14285714285714285
4983,0.03225806451612903
4983,0.16666666666666666
4983,0.06451612903225806
4983,0.06666666666666667
4983,0.12903225806451613
4983,0.03333333333333333
4983,0.12903225806451613
4999,0.3225806451612903
4983,0.06666666666666667
4983,0.12903225806451613
4983,0.1935483870967742
4983,0.10344827586206896
4983,0.0967741935483871
4983,0.1
4983,0.06451612903225806
4983,0.23333333333333334
4999,0.6451612903225806
4983,0.06451612903225806
4983,0.0967741935483871
4983,0.03333333333333333
4983,0.12903225806451613
4983,0.16666666666666666
4983,0.03225806451612903
4983,0.06451612903225806
4983,0.21428571428571427
4999,0.3793103448275862
4983,0.12903225806451613
4983,0.3
4983,0.22580645161290322
4983,0.23333333333333334
4983,0.16129032258064516
4983,0.16129032258064516
4999,0.3225806451612903
4999,0.2903225806451613
4999,0.6451612903225806
4999,0.35714285714285715
4999,0.25806451612903225
4999,0.4666666666666667
4999,0.6451612903225806
4999,0.2
4999,0.45161290322580644
4999,0.3225806451612903
4999,0.3333333333333333
4999,0.22580645161290322
4999,0.3333333333333333
4999,0.36666666666666664
4999,0.45161290322580644
4999,0.36666666666666664
4999,0.5806451612903226
4999,0.3870967741935484
4999,0.36666666666666664
4999,0.7096774193548387
4999,0.13333333333333333
4999,0.25806451612903225
4999,0.41935483870967744
4999,0.39285714285714285
4999,0.22580645161290322
4999,0.16666666666666666
5001,0.03225806451612903
4999,0.25806451612903225
4999,0.2
4999,0.22580645161290322
4999,0.22580645161290322
5001,0.06451612903225806
5001,0.03225806451612903
5001,0.03571428571428571
5001,0.0967741935483871
5001,0.16129032258064516
5001,0.03225806451612903
5001,0.06666666666666667
5001,0.0967741935483871
5001,0.06896551724137931
5001,0.06451612903225806
5001,0.06451612903225806
5001,0.03225806451612903
5001,0.03333333333333333
5001,0.03225806451612903
5001,0.06666666666666667
5001,0.03225806451612903
5001,0.03225806451612903
5001,0.03571428571428571
5001,0.06451612903225806
5001,0.1
5001,0.06451612903225806
5001,0.13333333333333333
5001,0.03225806451612903
5001,0.03225806451612903
5035,0.03225806451612903
5035,0.03225806451612903
5035,0.03571428571428571
5035,0.1
5035,0.06451612903225806
5035,0.03225806451612903
5035,0.03225806451612903
5035,0.03333333333333333
5035,0.03225806451612903
5035,0.06896551724137931
5035,0.03333333333333333
5035,0.03225806451612903
5035,0.03225806451612903
5035,0.03333333333333333
5035,0.03333333333333333
5035,0.03225806451612903
5035,0.06666666666666667
5035,0.06451612903225806
5058,0.06451612903225806
5058,0.03571428571428571
5058,0.03225806451612903
5058,0.06666666666666667
5058,0.06451612903225806
5058,0.03333333333333333
5058,0.03225806451612903
5058,0.03333333333333333
5058,0.0967741935483871
5058,0.03225806451612903
5058,0.06666666666666667
5058,0.03225806451612903
5058,0.13333333333333333
5058,0.03225806451612903
5058,0.03225806451612903
5058,0.03333333333333333
5058,0.03225806451612903
5058,0.03225806451612903
5058,0.06451612903225806
5124,0.2903225806451613
5124,0.25806451612903225
5124,0.21428571428571427
5124,0.3225806451612903
5124,0.23333333333333334
5124,0.3548387096774194
5124,0.23333333333333334
5124,0.22580645161290322
5124,0.16129032258064516
5124,0.26666666666666666
5124,0.5161290322580645
5124,0.6666666666666666
5124,0.5483870967741935
5124,0.22580645161290322
5124,0.3793103448275862
5124,0.22580645161290322
5124,0.1
5124,0.12903225806451613
5124,0.3
5124,0.3548387096774194
5124,0.45161290322580644
5124,0.26666666666666666
5124,0.41935483870967744
5124,0.3333333333333333
5124,1.0
5124,0.3225806451612903
5124,0.5
5124,0.2903225806451613
5124,0.4
5124,0.41935483870967744
5124,0.9666666666666667
5124,0.45161290322580644
5124,0.3870967741935484
5231,0.12903225806451613
5231,0.16129032258064516
5231,0.03571428571428571
5231,0.03225806451612903
5231,0.2
5231,0.0967741935483871
5231,0.13333333333333333
5231,0.06451612903225806
5231,0.1
5231,0.16129032258064516
5231,0.13333333333333333
5231,0.12903225806451613
5231,0.16129032258064516
5231,0.06896551724137931
5231,0.1
5231,0.06451612903225806
5231,0.03225806451612903
5231,0.0967741935483871
5231,0.1
5231,0.03225806451612903
5231,0.03333333333333333
5231,0.06451612903225806
5231,0.12903225806451613
5379,0.03333333333333333
5231,0.03571428571428571
5231,0.12903225806451613
5231,0.03333333333333333
5231,0.12903225806451613
5231,0.06666666666666667
5231,0.12903225806451613
5231,0.1935483870967742
5311,0.03225806451612903
5311,0.03225806451612903
5311,0.03225806451612903
5311,0.03225806451612903
5311,0.03333333333333333
5311,0.06451612903225806
5311,0.03333333333333333
5311,0.16129032258064516
5311,0.0967741935483871
5311,0.03225806451612903
5311,0.06451612903225806
5311,0.03333333333333333
5311,0.03225806451612903
5311,0.03225806451612903
5358,0.16129032258064516
5353,0.06451612903225806
5353,0.06451612903225806
5353,0.03333333333333333
5355,0.03333333333333333
5355,0.03333333333333333
5355,0.03225806451612903
5358,0.12903225806451613
5358,0.06451612903225806
5358,0.32142857142857145
5358,0.03225806451612903
5358,0.16666666666666666
5358,0.1
5358,0.1935483870967742
5358,0.22580645161290322
5358,0.23333333333333334
5358,0.3548387096774194
5358,0.3333333333333333
5358,0.12903225806451613
5358,0.1935483870967742
5358,0.27586206896551724
5358,0.06451612903225806
5358,0.2
5358,0.3870967741935484
5358,0.13333333333333333
5358,0.12903225806451613
5358,0.1935483870967742
5358,0.13333333333333333
5358,0.12903225806451613
5358,0.13333333333333333
5358,0.16129032258064516
5358,0.16129032258064516
5358,0.17857142857142858
5358,0.06451612903225806
5358,0.23333333333333334
5358,0.06451612903225806
5358,0.16666666666666666
5358,0.0967741935483871
5379,0.16129032258064516
5379,0.03571428571428571
5379,0.03225806451612903
5379,0.06666666666666667
5379,0.06451612903225806
5379,0.03333333333333333
5379,0.0967741935483871
5379,0.06451612903225806
5379,0.06666666666666667
5379,0.16129032258064516
5379,0.13333333333333333
5379,0.12903225806451613
5379,0.0967741935483871
5379,0.1724137931034483
5379,0.0967741935483871
5379,0.1935483870967742
5379,0.06666666666666667
5379,0.0967741935483871
5379,0.12903225806451613
5379,0.1
5379,0.22580645161290322
5379,0.03333333333333333
5379,0.2903225806451613
5379,0.03225806451612903
5379,0.10714285714285714
5379,0.22580645161290322
5379,0.13333333333333333
5379,0.06451612903225806
5379,0.03333333333333333
5379,0.12903225806451613
5379,0.06451612903225806
5394,0.06451612903225806
5394,0.03225806451612903
5394,0.07142857142857142
5394,0.06666666666666667
5394,0.0967741935483871
5394,0.03225806451612903
5394,0.06451612903225806
5394,0.06896551724137931
5394,0.06451612903225806
5394,0.06666666666666667
5394,0.03225806451612903
5394,0.06451612903225806
5394,0.0967741935483871
5394,0.03225806451612903
5394,0.03333333333333333
5394,0.0967741935483871
5394,0.03225806451612903
5398,2.2580645161290325
5398,1.935483870967742
5415,0.03225806451612903
5415,0.13793103448275862
5415,0.03225806451612903
5398,2.3214285714285716
5398,1.967741935483871
5398,2.1
5398,2.3548387096774195
5457,0.2903225806451613
5398,1.8333333333333333
5398,1.6451612903225807
5398,1.903225806451613
5398,1.7666666666666666
5457,0.12903225806451613
5457,0.07142857142857142
5398,1.4193548387096775
5398,1.4
5398,1.5806451612903225
5398,1.8064516129032258
5457,0.06451612903225806
5457,0.16666666666666666
5398,2.0
5398,1.7419354838709677
5398,0.8
5398,1.5161290322580645
5457,0.0967741935483871
5457,0.03333333333333333
5398,1.1
5398,1.3225806451612903
5398,1.7096774193548387
5398,1.5666666666666667
5457,0.3225806451612903
5457,0.0967741935483871
5398,1.0
5398,0.9333333333333333
5398,1.064516129032258
5398,0.9354838709677419
5457,0.3
5457,0.13333333333333333
5398,0.9285714285714286
5398,0.7419354838709677
5398,0.6333333333333333
5398,1.1612903225806452
5457,0.16129032258064516
5457,0.0967741935483871
5398,1.0333333333333334
5398,0.9032258064516129
5398,0.9032258064516129
5457,0.27586206896551724
5457,0.12903225806451613
5410,0.03225806451612903
5410,0.03225806451612903
5410,0.06451612903225806
5410,0.03225806451612903
5410,0.06451612903225806
5410,0.03571428571428571
5410,0.03225806451612903
5410,0.03225806451612903
5415,0.07142857142857142
5457,0.13333333333333333
5457,0.03225806451612903
5457,0.13333333333333333
5457,0.0967741935483871
5457,0.16129032258064516
5457,0.06666666666666667
5457,0.12903225806451613
5457,0.03225806451612903
5457,0.06451612903225806
5457,0.10714285714285714
5457,0.06451612903225806
5457,0.1
5457,0.16129032258064516
5457,0.3
5457,0.3225806451612903
5457,0.06451612903225806
5476,0.0967741935483871
5476,0.03571428571428571
5476,0.03225806451612903
5476,0.03333333333333333
5476,0.22580645161290322
5476,0.03333333333333333
5476,0.06451612903225806
5476,0.06451612903225806
5476,0.1
5476,0.06451612903225806
5476,0.03225806451612903
5476,0.03225806451612903
5476,0.03333333333333333
5476,0.0967741935483871
5476,0.16129032258064516
5476,0.03333333333333333
5476,0.03225806451612903
5476,0.06666666666666667
5476,0.03225806451612903
5476,0.06666666666666667
5476,0.03225806451612903
5476,0.06451612903225806
5481,0.25806451612903225
5481,0.5161290322580645
5481,0.6428571428571429
5481,1.1612903225806452
5481,0.9
5481,0.6129032258064516
5481,0.7666666666666667
5481,0.9032258064516129
5481,0.6129032258064516
5481,0.5666666666666667
5481,0.7096774193548387
5481,0.4666666666666667
5481,0.8387096774193549
5481,1.096774193548387
5481,0.7586206896551724
5481,1.064516129032258
5481,0.8333333333333334
5481,1.2580645161290323
5481,1.0
5481,0.8387096774193549
5481,1.2903225806451613
5481,1.0
5481,1.1935483870967742
5481,1.4
5481,0.6129032258064516
5481,0.8064516129032258
5481,0.5357142857142857
5481,0.5806451612903226
5481,0.3333333333333333
5481,0.5161290322580645
5481,0.36666666666666664
5481,0.8387096774193549
5481,0.9354838709677419
5530,0.03225806451612903
5530,0.1
5530,0.0967741935483871
5530,0.12903225806451613
5587,0.3548387096774194
5530,0.3
5530,0.0967741935483871
5530,0.13333333333333333
5530,0.0967741935483871
5530,0.12903225806451613
5530,0.1724137931034483
5530,0.45161290322580644
5530,0.0967741935483871
5530,0.2
5530,0.12903225806451613
5530,0.16129032258064516
5530,0.16666666666666666
5530,0.16129032258064516
5530,0.03333333333333333
5530,0.22580645161290322
5530,0.06451612903225806
5530,0.03571428571428571
5530,0.03225806451612903
5530,0.1
5530,0.03225806451612903
5530,0.3
5530,0.12903225806451613
5530,0.0967741935483871
5587,0.06451612903225806
5587,0.0967741935483871
5587,0.1
5587,0.12903225806451613
5587,0.0967741935483871
5587,0.16666666666666666
5587,0.16666666666666666
5587,0.0967741935483871
5587,0.034482758620689655
5587,0.16129032258064516
5587,0.2
5587,0.1935483870967742
5587,0.06666666666666667
5587,0.06451612903225806
5587,0.06451612903225806
5587,0.06666666666666667
5587,0.12903225806451613
5587,0.06666666666666667
5587,0.16129032258064516
5587,0.03225806451612903
5587,0.21428571428571427
5587,0.03225806451612903
5587,0.2
5587,0.0967741935483871
5587,0.3
5587,0.12903225806451613
5587,0.1935483870967742
5592,0.0967741935483871
5592,0.06451612903225806
5592,0.03333333333333333
5592,0.03225806451612903
5592,0.03333333333333333
5592,0.03225806451612903
5592,0.03225806451612903
5592,0.06666666666666667
5592,0.06451612903225806
5592,0.1
5592,0.06451612903225806
5592,0.10344827586206896
5592,0.06451612903225806
5592,0.12903225806451613
5592,0.0967741935483871
5592,0.06666666666666667
5592,0.03225806451612903
5592,0.03571428571428571
5592,0.06666666666666667
5592,0.03333333333333333
5592,0.03225806451612903
5603,0.3225806451612903
5603,0.4838709677419355
5603,0.2857142857142857
5603,0.3870967741935484
5603,0.4666666666666667
5603,0.5161290322580645
5603,0.6
5603,0.3548387096774194
5603,0.8064516129032258
5603,0.3333333333333333
5630,0.2
5603,0.45161290322580644
5603,0.4
5603,0.41935483870967744
5603,0.3548387096774194
5603,0.5517241379310345
5603,0.2903225806451613
5603,0.16666666666666666
5603,0.3870967741935484
5603,0.43333333333333335
5603,0.22580645161290322
5630,0.22580645161290322
5603,0.6129032258064516
5603,0.5
5603,0.3225806451612903
5603,0.43333333333333335
5603,0.22580645161290322
5603,0.3870967741935484
5603,0.6071428571428571
5603,0.4838709677419355
5603,0.5333333333333333
5603,0.6451612903225806
5630,0.3225806451612903
5603,0.3
5603,0.7096774193548387
5603,0.5483870967741935
5630,0.5161290322580645
5630,0.25806451612903225
5630,0.03571428571428571
5630,0.2903225806451613
5630,0.43333333333333335
5630,0.3548387096774194
5630,0.13333333333333333
5630,0.3870967741935484
5630,0.13333333333333333
5630,0.3870967741935484
5630,0.3225806451612903
5630,0.20689655172413793
5630,0.12903225806451613
5630,0.16666666666666666
5630,0.3870967741935484
5630,0.23333333333333334
5630,0.3225806451612903
5630,0.1935483870967742
5630,0.3333333333333333
5630,0.22580645161290322
5630,0.5333333333333333
5630,0.41935483870967744
5630,0.25806451612903225
5630,0.25
5630,0.3870967741935484
5630,0.26666666666666666
5630,0.3225806451612903
5630,0.2
5630,0.0967741935483871
5630,0.3548387096774194
5671,0.03225806451612903
5671,0.03571428571428571
5671,0.03225806451612903
5671,0.13333333333333333
5671,0.12903225806451613
5671,0.03225806451612903
5671,0.03333333333333333
5671,0.034482758620689655
5671,0.03225806451612903
5671,0.03333333333333333
5671,0.03225806451612903
5671,0.16666666666666666
5671,0.0967741935483871
5671,0.03225806451612903
5671,0.06666666666666667
5671,0.12903225806451613
5671,0.03333333333333333
5671,0.0967741935483871
5671,0.03225806451612903
5671,0.06451612903225806
5671,0.03225806451612903
5671,0.03333333333333333
5865,0.1935483870967742
5865,0.0967741935483871
5865,0.10714285714285714
5865,0.16129032258064516
5865,0.03333333333333333
5865,0.1935483870967742
5865,0.26666666666666666
5865,0.12903225806451613
5865,0.0967741935483871
5865,0.03333333333333333
5865,0.06451612903225806
5865,0.16666666666666666
5865,0.1935483870967742
5865,0.16129032258064516
5865,0.1724137931034483
5865,0.0967741935483871
5865,0.1
5865,0.16129032258064516
5865,0.06666666666666667
5865,0.12903225806451613
5865,0.1935483870967742
5865,0.1
5865,0.03225806451612903
5865,0.03333333333333333
5865,0.12903225806451613
5865,0.06451612903225806
5865,0.39285714285714285
5865,0.06451612903225806
5865,0.13333333333333333
5865,0.12903225806451613
5865,0.1
5865,0.16129032258064516
5865,0.06451612903225806
6130,0.3225806451612903
5915,0.03225806451612903
5915,0.12903225806451613
5915,0.03571428571428571
5915,0.16129032258064516
5915,0.13333333333333333
5915,0.3225806451612903
5915,0.1935483870967742
5915,0.0967741935483871
5915,0.03333333333333333
6130,0.22580645161290322
5915,0.12903225806451613
5915,0.06666666666666667
5915,0.1935483870967742
5915,0.25806451612903225
5915,0.13793103448275862
5915,0.0967741935483871
5915,0.16666666666666666
5915,0.1935483870967742
5915,0.1
6130,0.1724137931034483
5915,0.16129032258064516
5915,0.12903225806451613
5915,0.1
5915,0.03225806451612903
5915,0.03225806451612903
5915,0.12903225806451613
5915,0.17857142857142858
5915,0.0967741935483871
5915,0.03333333333333333
6130,0.25806451612903225
5915,0.12903225806451613
5915,0.03333333333333333
5915,0.03225806451612903
5915,0.06451612903225806
6013,0.07142857142857142
6013,0.06451612903225806
6013,0.06666666666666667
6013,0.06666666666666667
6013,0.06666666666666667
6013,0.03225806451612903
6013,0.03333333333333333
6013,0.03333333333333333
6013,0.03225806451612903
6013,0.03225806451612903
6013,0.06451612903225806
6130,0.16666666666666666
6013,0.06666666666666667
6130,0.25806451612903225
6130,0.25806451612903225
6130,0.10714285714285714
6130,0.3548387096774194
6130,0.26666666666666666
6130,0.1935483870967742
6130,0.06666666666666667
6130,0.45161290322580644
6130,0.16129032258064516
6130,0.23333333333333334
6130,0.25806451612903225
6130,0.3
6130,0.16129032258064516
6130,0.13333333333333333
6130,0.1935483870967742
6130,0.16129032258064516
6130,0.23333333333333334
6130,0.45161290322580644
6130,0.26666666666666666
6130,0.25806451612903225
6130,0.25806451612903225
6130,0.10714285714285714
6130,0.1935483870967742
6130,0.2903225806451613
6130,0.13333333333333333
6130,0.12903225806451613
6130,0.25806451612903225
6155,0.03333333333333333
6155,0.03333333333333333
6155,0.03333333333333333
6155,0.06451612903225806
6155,0.03333333333333333
6155,0.03225806451612903
6167,0.06451612903225806
6167,0.06451612903225806
6167,0.03333333333333333
6167,0.03225806451612903
6167,0.03225806451612903
6167,0.03333333333333333
6167,0.06451612903225806
6167,0.06666666666666667
6167,0.06451612903225806
6167,0.06896551724137931
6167,0.03333333333333333
6167,0.03225806451612903
6167,0.03333333333333333
6167,0.03225806451612903
6167,0.03333333333333333
6167,0.03225806451612903
6184,0.03225806451612903
6184,0.03571428571428571
6184,0.1935483870967742
6184,0.2
6184,0.0967741935483871
6184,0.22580645161290322
6184,0.06451612903225806
6184,0.13333333333333333
6184,0.0967741935483871
6184,0.06666666666666667
6184,0.1935483870967742
6184,0.03225806451612903
6184,0.06896551724137931
6184,0.1935483870967742
6184,0.03333333333333333
6184,0.12903225806451613
6184,0.06666666666666667
6184,0.06451612903225806
6184,0.12903225806451613
6184,0.1
6184,0.12903225806451613
6184,0.13333333333333333
6184,0.0967741935483871
6184,0.06451612903225806
6184,0.07142857142857142
6184,0.03225806451612903
6184,0.1
6184,0.06451612903225806
6184,0.03333333333333333
6184,0.0967741935483871
6184,0.0967741935483871
6187,0.06451612903225806
6187,0.0967741935483871
6187,0.16129032258064516
6187,0.1
6187,0.1
6187,0.0967741935483871
6187,0.03225806451612903
6187,0.03333333333333333
6187,0.06451612903225806
6187,0.2
6187,0.03225806451612903
6187,0.0967741935483871
6187,0.10344827586206896
6187,0.0967741935483871
6187,0.13333333333333333
6187,0.03225806451612903
6187,0.03333333333333333
6187,0.03333333333333333
6187,0.03333333333333333
6187,0.06451612903225806
6187,0.0967741935483871
6187,0.06666666666666667
6187,0.1
6187,0.03225806451612903
6187,0.06451612903225806
6197,0.06451612903225806
6197,0.03225806451612903
6197,0.07142857142857142
6197,0.03225806451612903
6197,0.06666666666666667
6197,0.03333333333333333
6197,0.06451612903225806
6197,0.06666666666666667
6197,0.06451612903225806
6197,0.03333333333333333
6197,0.06451612903225806
6197,0.03225806451612903
6197,0.07142857142857142
6197,0.06451612903225806
6197,0.03333333333333333
6207,0.03225806451612903
6207,0.16129032258064516
6207,0.03571428571428571
6207,0.06451612903225806
6207,0.3
6207,0.12903225806451613
6207,0.13333333333333333
6207,0.12903225806451613
6207,0.13333333333333333
6207,0.16129032258064516
6207,0.0967741935483871
6207,0.034482758620689655
6207,0.0967741935483871
6207,0.03333333333333333
6207,0.06666666666666667
6207,0.03225806451612903
6207,0.16129032258064516
6207,0.16666666666666666
6207,0.0967741935483871
6207,0.16129032258064516
6207,0.14285714285714285
6207,0.03225806451612903
6207,0.22580645161290322
6207,0.1
6207,0.06451612903225806
6207,0.16129032258064516
6222,0.06666666666666667
6222,0.03225806451612903
6222,0.03225806451612903
6222,0.03333333333333333
6222,0.03333333333333333
6222,0.03571428571428571
6222,0.03333333333333333
6222,0.03225806451612903
6222,0.06666666666666667
6246,0.03225806451612903
6246,0.13333333333333333
6246,0.12903225806451613
6246,0.25806451612903225
6246,0.13333333333333333
6246,0.22580645161290322
6246,0.13333333333333333
6246,0.0967741935483871
6246,0.0967741935483871
6246,0.1724137931034483
6246,0.1935483870967742
6246,0.3
6246,0.06451612903225806
6246,0.2
6246,0.0967741935483871
6246,0.3225806451612903
6246,0.13333333333333333
6246,0.1935483870967742
6246,0.1
6246,0.22580645161290322
6246,0.25806451612903225
6246,0.25
6246,0.0967741935483871
6246,0.16666666666666666
6246,0.06451612903225806
6246,0.16666666666666666
6246,0.12903225806451613
6246,0.16129032258064516
6249,0.03225806451612903
6249,0.03225806451612903
6249,0.06666666666666667
6249,0.13333333333333333
6249,0.06451612903225806
6249,0.03333333333333333
6249,0.06451612903225806
6249,0.10344827586206896
6249,0.03225806451612903
6249,0.06666666666666667
6249,0.25806451612903225
6249,0.13333333333333333
6249,0.03225806451612903
6249,0.03225806451612903
6249,0.03333333333333333
6249,0.0967741935483871
6333,0.06666666666666667
6249,0.13333333333333333
6249,0.06451612903225806
6249,0.12903225806451613
6249,0.03571428571428571
6249,0.16129032258064516
6249,0.06666666666666667
6249,0.25806451612903225
6249,0.16666666666666666
6249,0.1935483870967742
6333,0.03225806451612903
6249,0.12903225806451613
6303,1.7419354838709677
6303,1.3548387096774193
6303,1.9285714285714286
6303,1.0
6303,0.7
6303,1.1935483870967742
6303,2.2333333333333334
6303,1.5806451612903225
6303,1.8709677419354838
6303,1.7
6303,1.6129032258064515
6303,1.8666666666666667
6303,1.3870967741935485
6303,1.1612903225806452
6303,1.4482758620689655
6303,1.2903225806451613
6303,1.0
6303,1.4516129032258065
6303,1.6333333333333333
6303,1.1290322580645162
6303,1.3870967741935485
6333,0.03225806451612903
6303,1.6666666666666667
6303,1.2580645161290323
6303,1.2666666666666666
6303,1.1935483870967742
6303,1.1290322580645162
6303,0.8571428571428571
6303,0.967741935483871
6303,1.3666666666666667
6303,1.096774193548387
6303,1.5333333333333334
6303,1.5806451612903225
6303,1.4516129032258065
6333,0.06451612903225806
6333,0.03225806451612903
6333,0.03225806451612903
6333,0.03571428571428571
6333,0.03225806451612903
6333,0.03225806451612903
6333,0.03333333333333333
6333,0.06451612903225806
6333,0.03333333333333333
6333,0.03225806451612903
6333,0.06451612903225806
6333,0.03225806451612903
6333,0.03333333333333333
6333,0.06451612903225806
6333,0.03225806451612903
6333,0.14285714285714285
6333,0.1
6333,0.13333333333333333
6333,0.16129032258064516
6333,0.12903225806451613
6371,0.03225806451612903
6371,0.03225806451612903
6371,0.03225806451612903
6371,0.03225806451612903
6371,0.03333333333333333
6371,0.03225806451612903
6371,0.03333333333333333
6371,0.03225806451612903
6371,0.03225806451612903
6371,0.03225806451612903
6371,0.13333333333333333
6371,0.03333333333333333
6371,0.06451612903225806
6371,0.06666666666666667
6371,0.03225806451612903
6412,0.06666666666666667
6371,0.06451612903225806
6371,0.03333333333333333
6371,0.03225806451612903
6371,0.06666666666666667
6371,0.06451612903225806
6378,0.06451612903225806
6378,0.03225806451612903
6378,0.0967741935483871
6378,0.13333333333333333
6378,0.06451612903225806
6378,0.1
6378,0.03225806451612903
6378,0.06451612903225806
6378,0.0967741935483871
6378,0.06666666666666667
6378,0.06451612903225806
6378,0.03225806451612903
6378,0.03225806451612903
6378,0.06451612903225806
6378,0.03333333333333333
6412,0.03225806451612903
6412,0.06666666666666667
6412,0.3225806451612903
6412,0.22580645161290322
6412,0.13333333333333333
6412,0.12903225806451613
6412,0.26666666666666666
6412,0.1935483870967742
6412,0.25806451612903225
6412,0.1724137931034483
6412,0.16129032258064516
6412,0.06451612903225806
6412,0.13333333333333333
6412,0.06451612903225806
6412,0.12903225806451613
6412,0.03333333333333333
6412,0.0967741935483871
6412,0.1
6412,0.25806451612903225
6412,0.12903225806451613
6412,0.35714285714285715
6412,0.0967741935483871
6412,0.03333333333333333
6412,0.22580645161290322
6412,0.3
6412,0.4838709677419355
6412,0.1935483870967742
6416,0.03225806451612903
6416,0.06451612903225806
6416,0.06666666666666667
6416,0.12903225806451613
6416,0.1
6416,0.1935483870967742
6416,0.16666666666666666
6416,0.25806451612903225
6416,0.0967741935483871
6416,0.13793103448275862
6416,0.06451612903225806
6416,0.1
6416,0.0967741935483871
6416,0.06666666666666667
6416,0.22580645161290322
6416,0.25806451612903225
6416,0.3333333333333333
6416,0.06451612903225806
6416,0.13333333333333333
6416,0.0967741935483871
6416,0.12903225806451613
6416,0.14285714285714285
6416,0.0967741935483871
6416,0.06666666666666667
6416,0.2903225806451613
6416,0.23333333333333334
6416,0.06451612903225806
6416,0.22580645161290322
6417,0.23333333333333334
6417,0.16129032258064516
6417,0.03225806451612903
6417,0.1
6417,0.0967741935483871
6417,0.16666666666666666
6417,0.0967741935483871
6417,0.06451612903225806
6417,0.034482758620689655
6417,0.12903225806451613
6417,0.13333333333333333
6417,0.25806451612903225
6417,0.2
6417,0.12903225806451613
6417,0.0967741935483871
6417,0.03333333333333333
6417,0.06451612903225806
6417,0.03333333333333333
6417,0.16129032258064516
6417,0.16129032258064516
6417,0.14285714285714285
6417,0.12903225806451613
6417,0.13333333333333333
6417,0.12903225806451613
6417,0.2
6417,0.1935483870967742
6417,0.12903225806451613
